,,,firstname
,,,A. K. Dutta
,,,A. Lakshminath
,,,A. Mahendran
,,,A. S. Dulat
,,,A. Sandesh
,,,A. Sivathanu Pillai
,,,A.D. Singh
,,,A.P.J. Abdul Kalam
,,,A.R. Rahman
,,,Aabid Surti
,,,Aalim Hakim
,,,Abanindranath Tagore
,,,ABC Farms
,,,Abdul Matin
,,,Abhay Kewadkar
,,,Abhijit Bansod
,,,Adani Enterprises
,,,Adani Group
,,,Additional Commissioner Customs
,,,Additional Director General
,,,Adhuna Bhabani
,,,Adi Godrej
,,,Adil Malia
,,,Adil Writer
,,,Aditya Birla
,,,Aditya Chopra
,,,Aditya Ghosh
,,,Aditya Motwane
,,,Aditya Vikram Birla
,,,Adwaita Gadanayak
,,,Agnello Dias
,,,Airports Authority of India
,,,Aishwarya Rai Bachchan
,,,Ajay Bhushan Pandey
,,,Ajay Chopra
,,,Ajay Singh
,,,Ajay Vir Jakhar
,,,Ajayaghosh A.
,,,Ajei Gopal
,,,Ajit Doval
,,,Ajit Vahadane
,,,Ajrakh artisans of Kutch
,,,Akshay Kumar
,,,Aleem Dar
,,,Ali
,,,Alice G. Vaidyan
,,,Aliens
,,,Aliens Tattoo
,,,All India Radio
,,,Allwin Rego
,,,Alok Kumar Goel
,,,Alok Verma
,,,Alyque Padamsee
,,,Amar Bose
,,,Amar G. Bose
,,,Amardeep M. Dugar
,,,Amartya Sen
,,,Amazon India
,,,Amazon Prime Video
,,,Ambika Pillai
,,,Ameen Sayani
,,,Ameer Ismail
,,,Amit D. Godse
,,,Amit Jatia
,,,Amitabh Bachchan
,,,Amrita Patel
,,,Amrita Sher-Gil
,,,Anamika Khanna
,,,Anand Babu
,,,Anand Kripalu
,,,Anand Kumar
,,,Anand Radhakrishnan
,,,Anand Virmani
,,,Ananda K. Coomaraswamy
,,,Ananda Solomon
,,,Anandini Thakoor
,,,Anant Gupta
,,,Anant Nikale
,,,Anavila Misra
,,,Andre Timmins
,,,Anil Agarwal
,,,Anil Ambani
,,,Anil Chaudhary
,,,Anil Dhir
,,,Anil Gupta
,,,Anil K. Rajvanshi
,,,Anil Kapoor
,,,Anil Kumar Chaudhary
,,,Anil Kumar Gain
,,,Anil Kumar Jha
,,,Anil Manibhai Naik
,,,Anil Mehta
,,,Anil Menon
,,,Anil Naidu
,,,Anil Porter
,,,Anil Prakash Joshi
,,,Anil Radhakrishnan
,,,Anil Rai Gupta
,,,Anil Rohira
,,,Anil Sardana
,,,Anil Vaswani
,,,Anish Kapoor
,,,Anita Dube
,,,Anjali Mukerjee
,,,Anjali Venkat
,,,Anjan Chatterjee
,,,Anjani Khanna
,,,Anjani Mandal
,,,Anji Reddy
,,,Anjolie Ela Menon
,,,Anju Modi
,,,Annu Kapoor
,,,Anokhi
,,,Anuj Prasad
,,,Anuj Puri
,,,Anup Dev
,,,Anupam Mishra
,,,Anupam Sah
,,,Anupam Sud
,,,Anupama Chopra
,,,Anuradha Pegu
,,,Anurag Kashyap
,,,Anurita Chopra
,,,Anusha Tandon
,,,Anushka Gaikwad
,,,Anwar
,,,Apollo Circus
,,,Apollo Hospitals
,,,Apollo Tyres
,,,Apollo Tyres Ltd
,,,Apparel
,,,Apprentice Artisan
,,,Apprentice Plumber
,,,Arati Prabhakar
,,,Arcot Ramachandran
,,,Area Manager
,,,Arijit Singh
,,,Arjun Malhotra
,,,Aroon Purie
,,,Artisan
,,,Artisan Business Owner
,,,Arun Bapat
,,,Arun Shourie
,,,Aruna Asaf Ali
,,,Arundhati Roy
,,,Arunima Sinha
,,,Arvind Kejriwal
,,,Arvind Poddar
,,,Arvind Subramanian
,,,Asahi India Glass Limited
,,,Aseem Trivedi
,,,Asha Bhosle
,,,Ashish Bose
,,,Ashish Kacholia
,,,Ashok Kashyap
,,,Ashok Kumar Gupta
,,,Ashok Leyland
,,,Ashok Sahni
,,,Ashoke Sen
,,,Ashwani Lohani
,,,Assistant Dyeing and Bleaching Master
,,,Assistant Superintendent of Police
,,,Atul Kasbekar
,,,Atul Ruia
,,,Auction Assistant
,,,Auction House Manager
,,,Auction House Owner
,,,Auctioneer
,,,Avani Rai
,,,Aveek Sarkar
,,,Award-winning bamboo craftsman
,,,Ayush Kasliwal
,,,Ayyappa Masagi
,,,Azim Premji
,,,B. Ashok
,,,B. Govindan
,,,B. Lal Kapoor
,,,B. Soundararajan
,,,B.B. Lal
,,,B.C. Ganguly
,,,B.C. Tripathi
,,,Baba Kalyani
,,,Baba Ramdev
,,,Bagh printers of Madhya Pradesh
,,,Bahadur Ali
,,,Baidyanath
,,,Balkrishna Industries Limited
,,,Balkrishna Industries Ltd
,,,Bamboo craft educator
,,,Bandana Jain
,,,Basant Kumar Birla
,,,BGR Mining & Infra Limited
,,,Bhadohi Uttar Pradesh
,,,Bhagat Jewellers
,,,Bhanu Athaiya
,,,Bhanu Kumar
,,,Bhanumathi Rao
,,,Bharat Bhushan Tyagi
,,,Bharat Heavy Electricals Limited
,,,Bharat Petroleum
,,,Bharat Rawail
,,,Bhargav Dasgupta
,,,Bharti Airtel
,,,Bhaskar Save
,,,Bhavish Aggarwal
,,,Bhimsen Joshi
,,,Bickram Ghosh
,,,Big FM
,,,Bikanervala
,,,Billy Arjan Singh
,,,Binaca Geetmala
,,,Bindeshwar Pathak
,,,Binny Bansal
,,,Binod Pradhan
,,,Birbal Sahni
,,,Birender Singh Dhanoa
,,,Birju Maharaj
,,,Bishan Dass
,,,Bishwadeep Chatterjee
,,,Bishweshwar Nandi
,,,Bismillah Khan
,,,Blossom Kochhar
,,,Bobbi Brown
,,,Boman Rustom Irani
,,,BookMyShow
,,,Borosil Glass Works Ltd
,,,Botanical Survey of India
,,,Brahma Prakash
,,,Brijmohan Lall Munjal
,,,BSNL
,,,Byju Raveendran
,,,C. K. Mishra
,,,C. K. Prahalad
,,,C. N. R. Rao
,,,C. Rangarajan
,,,C. V. Raman
,,,C.N.R Rao
,,,C.R. Rao
,,,C.V. Raman
,,,Capt. Anoop Kumar Sharma
,,,Captain C. A. J. Vandeperre
,,,Captain C. A. J. Vanderperre
,,,Captain Durba Banerjee
,,,Captain Gopinath
,,,Captain M. C. Yadav
,,,Captain Pradeep Chawla
,,,Captain Radhika Menon
,,,Captain S. Prabhala
,,,Captain Sunil Kumar Nandeshwar
,,,Captain Sunil Lanba
,,,Captain Usha Banerjee
,,,CEAT Ltd
,,,Celebrity Makeup Artist
,,,Central Bureau of Investigation
,,,Chandi Prasad Bhatt
,,,Charu Clark
,,,Charu Khandal
,,,Charuvi Agrawal
,,,Chef Ranveer Brar
,,,Chef Sanjeev Kapoor
,,,Chef Vikas Khanna
,,,Chef Vinesh Johny
,,,Chetan Chauhan
,,,Chetan Singh Solanki
,,,Chief Drilling Officer
,,,Chief Estimator
,,,Chief Technology Officer
,,,Chowgule Brothers Pvt. Ltd.
,,,Cirque du Soleil
,,,Cloudnine Hospitals
,,,Coal India Limited
,,,Co-founder of Touristlink a social network for travelers
,,,Col. Sir George Everest
,,,Columbia Asia Hospitals
,,,Commander Suresh Bhandarkar
,,,Commissioner Customs
,,,Cory Walia
,,,CRI Pumps
,,,Crochet Lace Apprentice
,,,Cutter
,,,Cutting Manager
,,,Cutting Supervisor
,,,Cyrus Pallonji Mistry
,,,Cyrus Poncha
,,,Cyrus Poonawalla
,,,D Rajkumar
,,,D. C. Sircar
,,,D. K. Sarraf
,,,D. R. Kaprekar
,,,D. Shivakumar
,,,D.K. Sarraf
,,,D.N. Jatia
,,,Dabboo Ratnani
,,,Dabur
,,,Dadi D. Pudumjee
,,,Daman Sood
,,,Data Not Available
,,,Dattu Bhokanal
,,,David Belo
,,,Dayanita Singh
,,,Deep Kalra
,,,Deepak Ohri
,,,Deepika Padukone
,,,Delhi Metro Rail Corporation
,,,Deloitte
,,,Department Manager
,,,Deputy Inspector General
,,,Deputy Superintendent of Police
,,,Devaki Jain
,,,Devi Prasad
,,,Devrai Art Village
,,,Dhananjay Mohabey
,,,Dhirubhai Ambani
,,,Dhruv Shringi
,,,Dhruva Mistry
,,,Dilip Chhabria
,,,Dilip Kapur
,,,Dilip Shanghvi
,,,Dinesh K Sarraf
,,,Dinesh Singh
,,,Dipalee Daroz
,,,Director General of Police
,,,Director of Estimation
,,,Director of Inspection
,,,Director of Production
,,,Disney India
,,,Disney+ Hotstar
,,,Divya Ethirajan
,,,Divyank Turakhia
,,,DJ Chetas
,,,DJ NYK
,,,DJ Suketu
,,,DLF
,,,Dr. A. K. Hemal
,,,Dr. A. K. Khakha
,,,Dr. A. K. Srivastava
,,,Dr. A. K. Verma
,,,Dr. A. P. J. Abdul Kalam
,,,Dr. A. S. Faroda
,,,Dr. A.P.J Abdul Kalam
,,,Dr. Aamir Lakdawala
,,,Dr. Abhay Bang
,,,Dr. Abhijit Mukherjee
,,,Dr. Ajay Mathur
,,,Dr. Ajoy Roychoudhary
,,,Dr. Alok Dhawan
,,,Dr. Alok Kumar
,,,Dr. Amartya Sen
,,,Dr. Amit Sen
,,,Dr. Anand Chockalingam
,,,Dr. Anand Prakash
,,,Dr. Anant Kumar
,,,Dr. Anbumani Ramadoss
,,,Dr. Anil K. Gupta
,,,Dr. Anil Kakodkar
,,,Dr. Anil Kohli
,,,Dr. Anil Kumar Gupta
,,,Dr. Anil Prakash Joshi
,,,Dr. Anil Sahasrabudhe
,,,Dr. Anita Borges
,,,Dr. Anjali Joshi
,,,Dr. Anjan Trikha
,,,Dr. Anji Reddy
,,,Dr. Anoop Misra
,,,Dr. Anupam Joshi
,,,Dr. Anupam Varma
,,,Dr. Anupuma Raina
,,,Dr. Anuradha Ghosh
,,,Dr. APJ Abdul Kalam
,,,Dr. Armida Fernandez
,,,Dr. Arvind Subramanian
,,,Dr. Ashis Nandy
,,,Dr. Ashok Rajgopal
,,,Dr. Ashutosh Sharma
,,,Dr. Ayesha Siddiqua
,,,Dr. B Ramana Rao
,,,Dr. B Umadathan
,,,Dr. B. K. Anand
,,,Dr. B. K. Sharma
,,,Dr. B. Lalitha
,,,Dr. B. M. Hegde
,,,Dr. B. N. Desai
,,,Dr. B. N. K. Nair
,,,Dr. B. Narsaiah Goud
,,,Dr. B. Ramana Rao
,,,Dr. B. S. Rajya
,,,Dr. B. T. Chidananda Murthy
,,,Dr. B. Umadathan
,,,Dr. B.N. Goswamy
,,,Dr. B.V. Rao
,,,Dr. Badrinath Vijaya
,,,Dr. Balamurali Ambati
,,,Dr. Baldev Raj
,,,Dr. Bhabatosh Biswas
,,,Dr. Bilal Habib
,,,Dr. Bimal Jalan
,,,Dr. Bindeshwar Pathak
,,,Dr. Birbal Sahni
,,,Dr. C. N. R. Rao
,,,Dr. C. R. Babu
,,,Dr. C. Rangarajan
,,,Dr. C.R. Krishna Murti
,,,Dr. C.V. Raman
,,,Dr. Chetan Solanki
,,,Dr. Chytra Anand
,,,Dr. D. N. Majumdar
,,,Dr. D. Y. Patil
,,,Dr. Darlie Koshy
,,,Dr. Deepak Kumar
,,,Dr. Deepak Phatak
,,,Dr. Devi Shetty
,,,Dr. Dinesh Jain
,,,Dr. Dinesh Srivastava
,,,Dr. Duru Shah
,,,Dr. Duvvuri Subbarao
,,,Dr. E. Sreedharan
,,,Dr. Franklin
,,,Dr. G. R. C. Reddy
,,,Dr. G. S. Ananthasuresh
,,,Dr. George Joseph
,,,Dr. George Schaller
,,,Dr. Girishwar Misra
,,,Dr. Gitanjali Sharma
,,,Dr. Govindappa Venkataswamy
,,,Dr. Gurava Reddy
,,,Dr. Gurcharan Singh Kalkat
,,,Dr. Gurdev S. Khush
,,,Dr. H. B. Mathur
,,,Dr. H. P. Singh
,,,Dr. H. Rahman
,,,Dr. H. S. R. Desikachar
,,,Dr. H. Y. Mohan Ram
,,,Dr. H.B. Singh
,,,Dr. H.P. Singh
,,,Dr. H.Y. Mohan Ram
,,,Dr. Hargobind Khorana
,,,Dr. Hari Menon
,,,Dr. Harish Pathak
,,,Dr. Harivansh Rai Bachchan
,,,Dr. Harsh Gupta
,,,Dr. Harsh K. Gupta
,,,Dr. Harsh Vardhan
,,,Dr. Harshna Bijlani
,,,Dr. Homi Bhabha
,,,Dr. Homi J. Bhabha
,,,Dr. Indira Hinduja  technique Hinduja Hospital Mumbai)
,,,Dr. Indira Hinduja  technique)
,,,Dr. Indira Nath
,,,Dr. Indranil Manna
,,,Dr. Irawati Karve
,,,Dr. J. Balavenkat
,,,Dr. J. G. Lalmalani
,,,Dr. J. J. Irani
,,,Dr. J. S. P. Yadav
,,,Dr. J. Srinivasan
,,,Dr. J.M. Hans
,,,Dr. Jacob John
,,,Dr. Jamuna Pai
,,,Dr. Jankharia Bhavin
,,,Dr. Jayant Narlikar
,,,Dr. Jitendra Nagpal
,,,Dr. Jitin Chadha
,,,Dr. Jocelyn Bell Burnell
,,,Dr. K. Jaishanker
,,,Dr. K. Kasturirangan
,,,Dr. K. M. Leelavathy
,,,Dr. K. Muraleedharan
,,,Dr. K. R. Harilal
,,,Dr. K. Radhakrishnan
,,,Dr. K. S. Manilal
,,,Dr. K. Sivan
,,,Dr. K. Srinath Reddy
,,,Dr. K. V. Thiruvengadam
,,,Dr. K. VijayRaghavan
,,,Dr. K.L. Chadha
,,,Dr. K.S. Bilgrami
,,,Dr. K.S. Maniam
,,,Dr. K.S. Valdiya
,,,Dr. Kamna Chhibber
,,,Dr. Kiran Bedi
,,,Dr. Kiran Kumar
,,,Dr. Kirit Parikh
,,,Dr. Krishnamurthy Bonanthaya
,,,Dr. Kushagra Verma
,,,Dr. Kushal Konwar Sarma
,,,Dr. L. K. Anantha Krishna Iyer
,,,Dr. Lalit Kumar
,,,Dr. Lalitha Kameswaran
,,,Dr. Lalji Singh
,,,Dr. Leila Caleb Varkey
,,,Dr. M. C. Mathews
,,,Dr. M. C. Thakur
,,,Dr. M. Devaraj
,,,Dr. M. Gourie-Devi
,,,Dr. M. H. Marigowda
,,,Dr. M. K. Ranjitsinh Jhala
,,,Dr. M. Mohapatra
,,,Dr. M. O. P. Iyengar
,,,Dr. M. Pushpavathi
,,,Dr. M. Ramachandran
,,,Dr. M. Ravi Kumar
,,,Dr. M. S. Ananth
,,,Dr. M. S. Shrikhande
,,,Dr. M. S. Valiathan
,,,Dr. M.H. Marigowda
,,,Dr. M.K. Mani
,,,Dr. M.O. Garg
,,,Dr. M.S. Channabasavanna
,,,Dr. M.S. Muthu
,,,Dr. M.S. Swaminathan
,,,Dr. M.V. Gupta
,,,Dr. Madhavan Nair Rajeevan
,,,Dr. Madhavan Rajeevan
,,,Dr. Mahendra Bhandari
,,,Dr. Malavika Kapur
,,,Dr. Malini V. Shankar
,,,Dr. Mammen Chandy
,,,Dr. Manju Sharma
,,,Dr. Manmohan Attavar
,,,Dr. Manmohan Singh
,,,Dr. Mary Verghese
,,,Dr. Meghnad Saha
,,,Dr. Mihir Shah
,,,Dr. Mithu Alur
,,,Dr. Montek Singh Ahluwalia
,,,Dr. Muralidhar R. Pai
,,,Dr. Muttayya K. S.
,,,Dr. Nalini Rao
,,,Dr. Narendra Singh
,,,Dr. Neelam Mohan
,,,Dr. Neena Singh
,,,Dr. Neena Valecha
,,,Dr. Nikhilesh R. Vaid
,,,Dr. Nisha Khanna
,,,Dr. Nishi Gupta
,,,Dr. P. Chandra Sekharan
,,,Dr. P. Maheswari
,,,Dr. P. R. Krishna Kumar
,,,Dr. P. Shing Ho
,,,Dr. P.K Sethi
,,,Dr. P.K. Seth
,,,Dr. Pawan Kumar Anand
,,,Dr. Pekka Puska
,,,Dr. Pradeep Krishen
,,,Dr. Pradeep Sindhu
,,,Dr. Pradip P. Bapat
,,,Dr. Prakash Baba Amte
,,,Dr. Pramath Raj Sinha
,,,Dr. Pramod Jog
,,,Dr. Prashant Agrawal
,,,Dr. Prathap C Reddy
,,,Dr. Prathima Radhakrishnan
,,,Dr. Prathima Reddy
,,,Dr. Praveen Saxena
,,,Dr. Praveer Sinha
,,,Dr. Prem Prakash
,,,Dr. Pritam Singh
,,,Dr. Prithvish Nag
,,,Dr. Quresh Maskati
,,,Dr. R A Mashelkar
,,,Dr. R K Pachauri
,,,Dr. R. A. Mashelkar
,,,Dr. R. Chidambaram
,,,Dr. R. K. Elangovan
,,,Dr. R. K. Pachauri
,,,Dr. R. Rangachari
,,,Dr. R. S. Sethi
,,,Dr. R. Sambasiva Rao
,,,Dr. R.A. Mashelkar
,,,Dr. R.K. Datta
,,,Dr. R.K. Elangovan
,,,Dr. R.K. Malhotra
,,,Dr. R.P. Singh
,,,Dr. Raghavan K. Kolli
,,,Dr. Raghavendra Kumar
,,,Dr. Raghunath Anant Mashelkar
,,,Dr. Raghuram G. Rajan
,,,Dr. Raghuram Rajan
,,,Dr. Raja Ramanna
,,,Dr. Rajan Saxena
,,,Dr. Rajaram Tripathi
,,,Dr. Rajendra K. Pachauri
,,,Dr. Rajendra Kumar
,,,Dr. Rajendra Prasad Yadav
,,,Dr. Rajendra Shende
,,,Dr. Rajendra Singh
,,,Dr. Rajesh B. Dhirawani
,,,Dr. Rakesh Sinha
,,,Dr. Raman Sukumar
,,,Dr. Ramesh C. Gaur
,,,Dr. Ranbir Singh
,,,Dr. Ranjana Arora
,,,Dr. Rattan Lal
,,,Dr. Ravi Chopra
,,,Dr. Rebecca Jacob
,,,Dr. Reddy's Laboratories
,,,Dr. Rekha Sheth
,,,Dr. Rukamani Nair
,,,Dr. S. Ayyappan
,,,Dr. S. C. Gairola
,,,Dr. S. K. Saxena
,,,Dr. S. Mohandas
,,,Dr. S. Natarajan
,,,Dr. S. R. Chandrasekhar
,,,Dr. S. R. Ranganathan
,,,Dr. S. R. Savithri
,,,Dr. S. R. Shankaran
,,,Dr. S.K. Acharya
,,,Dr. S.K. Jindal
,,,Dr. S.N. Singh
,,,Dr. S.Z. Qasim
,,,Dr. Sálim Moizuddin Abdul Ali
,,,Dr. Sekhar Basu
,,,Dr. Shafi Mather
,,,Dr. Shailesh Nayak
,,,Dr. Shanti Auluck
,,,Dr. Sharad Vaidya
,,,Dr. Sharmila Nayak
,,,Dr. Shashi Tharoor
,,,Dr. Shreeram Lagoo
,,,Dr. Shuvo Roy
,,,Dr. Shyama Prasad Mukherjee
,,,Dr. SM Balaji
,,,Dr. Sneh Bhargava
,,,Dr. Srikumar Banerjee
,,,Dr. Subir Chowdhury
,,,Dr. Sudhir K Gupta
,,,Dr. Sudhir K. Jain
,,,Dr. Sudhir Pudi
,,,Dr. Suneeta Mittal
,,,Dr. Sunit Jolly
,,,Dr. Sunita Gandhi
,,,Dr. Suniti Kumar Chatterji
,,,Dr. Suniti Solomon
,,,Dr. Suresh S. Honnappagol
,,,Dr. Surinder Singh Bhatia
,,,Dr. Swarna Subba Rao
,,,Dr. Swati Piramal
,,,Dr. T. L. Cherian
,,,Dr. T. P. Das
,,,Dr. T. P. Lahane
,,,Dr. T. Thirunarayanan
,,,Dr. T.P. Lahane
,,,Dr. Tej Hazarika
,,,Dr. Unni Krishnan
,,,Dr. V. D. Vartak
,,,Dr. V. K. Gaur
,,,Dr. V. Kumaran
,,,Dr. V. N. Raja Rao
,,,Dr. V. Prakash
,,,Dr. V. S. Manimohan
,,,Dr. V. V. Ramamurthy
,,,Dr. V. V. Sugunan
,,,Dr. V.K. Aatre
,,,Dr. V.V. Sugunan
,,,Dr. Vallabhbhai Kathiria
,,,Dr. Vanamayya Prakash
,,,Dr. Velu Nair
,,,Dr. Venkatraman Ramakrishnan
,,,Dr. Venu Vasudevan
,,,Dr. Verghese Kurien
,,,Dr. Vijay Bhatkar
,,,Dr. Vikram Sarabhai
,,,Dr. Vineet Gahalaut
,,,Dr. Vishram Singh
,,,Dr. Y.K. Gupta
,,,Dr. Y.K. Hamied
,,,Dr. Yusuf Hamied
,,,Dr. Yusuf K. Hamied
,,,Dr. Yusuf Khwaja Hamied
,,,Driller
,,,Drilling Assistant
,,,Drilling Director
,,,Drilling Manager
,,,Drilling Supervisor
,,,Due to the traditional and informal nature of this occupation there are no widely recognized famous personalities in this field.
,,,Durga Shakti Nagpal
,,,Dwarak Warrier
,,,Dyeing and Bleaching Manager
,,,Dyeing and Bleaching Master
,,,E. K. Janaki Ammal
,,,Ebrahim Alkazi
,,,Edumilestones Career Path
,,,Ekta Kapoor
,,,Elattuvalapil Sreedharan
,,,Embroiderer
,,,Enforcement Directorate
,,,Ernst & Young
,,,Essar Shipping
,,,Essel Mining & Industries Limited
,,,EsselWorld
,,,Estimation Manager
,,,Estimator
,,,Extruding Machine Operator
,,,Fabindia
,,,Factory Manager
,,,Falguni Nayar
,,,Famous for his contribution to literature in Bengali and English.
,,,Famous Landscape Gardener
,,,Farhan Akhtar
,,,Farida Group
,,,Farida Irani
,,,Fateh Singh Rathore
,,,Feroz Abbas Khan
,,,Firoz Merchant
,,,Flavia Agnes
,,,Flipkart
,,,Forest Survey of India
,,,Former Director Indian Jute Industries' Research Association
,,,Former Director National Institute of Research on Jute & Allied Fibre Technology
,,,Former Solicitor General of India.
,,,Fortis Healthcare
,,,Fouaad Mirza
,,,Founder Manan Sharma
,,,Founder Nidhi Sharma
,,,Founder Sunita Ramnathkar
,,,Founders Ankit and Gayatri Gupta
,,,Fruits and Vegetables Selection In-Charge
,,,G Madhavan Nair
,,,G. D. Birla
,,,G. N. Ramachandran
,,,G. N. Vankhede
,,,G. R. Iranna
,,,G. Ravinder Reddy
,,,G. Reghu
,,,G. V. Ramanjaneyulu
,,,G.B. Sundararajan
,,,G.C. Mishra
,,,G.D. Naidu
,,,G.D.Naidu
,,,G.M. Rao
,,,G.R. Iranna
,,,G.R.K. Reddy
,,,Gagan Vermani
,,,Gail Omvedt
,,,Gajam Anjaiah
,,,Gammon India
,,,Gaurav Goel
,,,Gauri Shinde
,,,Gautam Adani
,,,Gautam Singhania
,,,Gautam Sinha
,,,Gayatri Chakravorty Spivak
,,,Geet Sethi
,,,Geeta Seshamani
,,,Gemological Institute of India
,,,George Abraham
,,,Gerson da Cunha
,,,Ghantewala
,,,Girish Karnad
,,,Gitanjali Rao
,,,GMR Group
,,,Gobinda Poddar
,,,Godrej Consumer Products
,,,Gold Plus Glass Industry Limited
,,,Goolam Essaji Vahanvati
,,,Gopal Vittal
,,,Gopichand Katragadda
,,,Gopinath Muthukad
,,,Great Eastern Shipping Company
,,,Grundfos Pumps India
,,,Guenter Butschek
,,,Guglielmo Marconi
,,,Gujarat Guardian Limited
,,,Gujarat Mineral Development Corporation
,,,Gulzar
,,,Gundappa Viswanath
,,,Gurcharan Singh
,,,Gurdeep Singh
,,,Gurjit Singh Barry
,,,Gurtej Sandhu
,,,GVK Group
,,,H. N. Mukerjee
,,,H. R. Nanjundaiah
,,,H. S. Maiti
,,,H.A.B. Parpia
,,,H.C. Verma
,,,H.G Khorana
,,,H.G. Khorana
,,,Haji Kalimullah Khan
,,,Hakim Ajmal Khan
,,,Haku Shah
,,,Haldyn Glass Gujarat Ltd
,,,Har Gobind Khorana
,,,Hardeep Singh Puri
,,,Harijanto Setiawan
,,,Harindranath Chattopadhyay
,,,Hariprasad Chaurasia
,,,Harish Bhat
,,,Harish Bhimani
,,,Harish Chandra
,,,Harish Dholakia
,,,Harish Garware
,,,Harish-Chandra
,,,Harita Kaur Deol
,,,Harivansh Rai Bachchan
,,,Harjit Singh
,,,Harkirat Singh
,,,Harpreet Padam
,,,Harry Hingorani
,,,Harsh Gupta
,,,Harsh K. Gupta
,,,Harsha Bhogle
,,,Harshad Mehta
,,,Hasmukh Chudgar
,,,Hasmukh Dhirajlal Sankalia
,,,Head Constable Customs
,,,Head of Department
,,,Helen Keller
,,,Hemant Sood
,,,Hero MotoCorp
,,,Hidesign
,,,Himalaya Drug Company
,,,Hindalco Industries
,,,Hindustan Construction Company
,,,Hindustan National Glass & Industries Limited
,,,Hindustan Petroleum
,,,Hindustan Unilever
,,,Hindustan Zinc Limited
,,,HMT Watches
,,,Homi J. Bhabha
,,,Hrithik Roshan
,,,IFB
,,,Ilaiyaraaja
,,,Imtiaz Anees
,,,Income Tax Department
,,,Incoming Inspection Technician
,,,Inderpreet Wadhwa
,,,Indian Council of Forestry Research and Education
,,,Indian Diamond Institute
,,,Indian Oil Corporation
,,,Indian Railways
,,,INOX Leisure
,,,Inspection Manager
,,,Inspector
,,,Inspector Customs
,,,Inspector General
,,,Ion Exchange India Limited
,,,Iona Luvsandorj
,,,Iravati Karve
,,,Ishaan Khosla
,,,Ishan Grover
,,,Ishi Khosla
,,,J. R. D. Tata
,,,J.P. Gadkari
,,,J.R.D Tata
,,,J.R.D. Tata
,,,Jadugar Anand
,,,Jagadish Chandra Bose
,,,Jagatjit Singh of Kapurthala
,,,Jagdeep
,,,Jagdish Khattar
,,,Jagjeet Singh Kapoor
,,,Jaipur Rajasthan
,,,Jamini Roy
,,,Jamsetji Tata
,,,Jamshed J. Irani
,,,Jamshyd Godrej
,,,Janaki Ammal
,,,Jatin Das
,,,Javagal Srinath
,,,Javed Abidi
,,,Javed Akhtar
,,,Jawed Habib
,,,Jayant Baliga
,,,Jayantha Prabhu
,,,Jayesh Mistry
,,,Jayita Sinha
,,,Jeet Rana
,,,Jehangir Wadia
,,,Jhumpa Lahiri
,,,Jindal Steel & Power
,,,Jitish Kallat
,,,JK Tyre & Industries Ltd
,,,Johnny Lever
,,,Journeyman Plumber
,,,JRD Tata
,,,Julio Ribeiro
,,,Jumbo Circus
,,,Junior Auctioneer
,,,Junior Cutter
,,,Junior Embroiderer
,,,Junior Estimator
,,,Junior Flesher Hand
,,,Junior Food Taster
,,,Junior In-Charge
,,,Junior Inspector
,,,Junior Leather Technologist
,,,Junior Makeup Artist
,,,Junior Physician
,,,Junior Tea Taster
,,,Justice A.K. Rajan
,,,Justice AK Sikri
,,,Justice D. K. Jain
,,,Justice D.K. Jain
,,,Justice D.Y. Chandrachud
,,,Justice Deepak Misra
,,,Justice Fathima Beevi
,,,Justice H. L. Dattu
,,,Justice H.J. Kania
,,,Justice H.L. Dattu
,,,Justice H.R. Khanna
,,,Justice Indu Malhotra
,,,Justice J.R. Midha
,,,Justice K.G. Balakrishnan
,,,Justice Krishna Iyer
,,,Justice Leila Seth
,,,Justice M. Fathima Beevi
,,,Justice M.N. Venkatachaliah
,,,Justice P. B. Sawant
,,,Justice P. Sathasivam
,,,Justice R. Banumathi
,,,Justice R.K. Batta
,,,Justice R.K. Jain
,,,Justice R.M. Lodha
,,,Justice Rohinton Fali Nariman
,,,Justice S.H. Kapadia
,,,Justice V. R. Krishna Iyer
,,,Justice Y.V. Chandrachud
,,,Jyoti Bhatt
,,,Jyotirao Phule
,,,Jyotsna Bhatt
,,,K Sridhar Former Member  Airports Authority of India
,,,K. K. Gandhi  Society of Indian Automobile Manufacturers)
,,,K. K. Mahajan
,,,K. K. Maheshwari
,,,K. K. Vijayan
,,,K. M. Chandrasekhar
,,,K. P. Raghuvanshi
,,,K. Paulose
,,,K. Shankar Pillai
,,,K. Sivan
,,,K. Sridhar
,,,K. Srinath Reddy
,,,K. Sudarshan
,,,K. T. S. Tulsi
,,,K. V. Ramesh
,,,K. Vijay Kumar
,,,K.C. Das
,,,K.C. Ram Murthy
,,,K.G. Subramanyan
,,,K.N. Ganeshaiah
,,,K.P. Singh
,,,K.V Sridhar
,,,Kadri Gopalnath
,,,Kailash Satyarthi
,,,Kainaz Messman
,,,Kalyan Jewellers
,,,Kamal Kishore
,,,Kanhaya Lal Rawat
,,,Kanwar Pal Singh Gill
,,,Karan Johar
,,,Karishma Grover
,,,Karsanbhai Patel
,,,Kartick Satyanarayan
,,,Kaushik Basu
,,,Kavita Krishnan
,,,Kavita Singh
,,,KCK Exports Ltd
,,,Keitan Yadav
,,,Kiran Bedi
,,,Kiran Kumar
,,,Kiran Mazumdar Shaw
,,,Kiren Rijiju
,,,Kirloskar Brothers Limited
,,,Kishore Kumar
,,,KJ Singh
,,,Known for his innovative organic farming techniques
,,,Known for his intricate inlay work on traditional Kashmiri furniture
,,,Known for his work in Hindi literature.
,,,Known for his work in tracing the genealogy of several Rajput clans in Rajasthan.
,,,Komal Nahta
,,,Konkan Railway Corporation
,,,KPMG
,,,Krishna Reddy
,,,KSB Limited
,,,Kumar Birla
,,,Kunal Bahl
,,,Kunal Kapur
,,,Kusala Rajendran
,,,Kushal Pal Singh
,,,KV Kamath
,,,Lakshmi Mittal
,,,Lakshmi Narayanan
,,,Lakshmi Niwas Mittal
,,,Lalit Mohan Thapar
,,,Larsen & Toubro
,,,Lata Mangeshkar
,,,Laxmi Mittal
,,,Leather Technologist
,,,LG
,,,Liberty Shoes
,,,Lieutenant Colonel Sophia Qureshi
,,,Linus Lopez
,,,Lokesh Verma
,,,Louis Braille
,,,Lt. Gen. Girish Kumar
,,,M S Unnikrishnan
,,,M Visvesvaraya
,,,M. F. Husain
,,,M. George Muthoot
,,,M. Krishnan
,,,M. N. Qureshy
,,,M. Rafeeque Ahmed
,,,M. S. Murugesan
,,,M. S. Sahoo
,,,M. V. Naidu
,,,M.F. Husain
,,,M.K. Sharma
,,,M.S. Suresh Babu
,,,Machine Operator
,,,Machine Supervisor
,,,Madan Bahal
,,,Madhav Gadgil
,,,Madhava Menon
,,,Madhavi Kolte
,,,Madhu Jain
,,,Madhur Jaffrey
,,,Madhvi Subrahmanian
,,,Magandeep Singh
,,,Maharashtra State Mining Corporation
,,,Mahasin Ali Khan
,,,Mahindra & Mahindra
,,,Majid Husain
,,,Major Devender Pal Singh
,,,Makeup Artist
,,,Makeup Consultant
,,,Mamata Banerjee
,,,Manager
,,,Managing Director of SOTC a leading travel and tourism company in India
,,,Mandar N.
,,,Maneka Gandhi
,,,Manipal Hospitals
,,,Manish Mehrotra
,,,Manish Sansi
,,,Manisha Bhattacharya
,,,Manjeet Singh
,,,Mankombu Sambasivan Swaminathan
,,,Manoj Kumar
,,,Mansi Panchal
,,,Mantra
,,,Manu Parekh
,,,Manu Vajipey
,,,Many elected officials in state government have made significant impacts but naming specific individuals could be politically sensitive.
,,,Maqsood Ali
,,,Maria Montessori
,,,Mario Miranda
,,,Maruti Suzuki
,,,Mary Kom
,,,Masaba Gupta
,,,Master Artisan
,,,Master Crochet Lace Artisan
,,,Master Embroiderer
,,,Master Plumber
,,,Matt Chitharanjan
,,,Max Healthcare
,,,Mayank Shah
,,,Mayank Shekhar
,,,Medical Director
,,,Meena Kandasamy
,,,Meena Naik
,,,Meena Rawat
,,,Meera and Muzaffar Ali
,,,Meera Mahadevia
,,,Mercator Limited
,,,Merzin Tavaria
,,,Metro Railway Kolkata
,,,Metro Shoes
,,,Michael Foley
,,,Michael Page Indian Salary Guide 2024
,,,Mickey Contractor
,,,Mickey Mehta
,,,Mihir Shah
,,,Milind Soman
,,,Milon K. Banerji
,,,Mimicry Dayanand
,,,Minimal to no travel required.
,,,Ministry of Defence
,,,Ministry of Finance
,,,Ministry of Home Affairs
,,,Ministry of Law and Justice
,,,Miniya Chatterji
,,,Mirza International Ltd
,,,Mohan Isaac
,,,Mokshagundam Visvesvaraya
,,,Mother Teresa
,,,MRF Limited
,,,MRF Ltd
,,,MS Swaminathan
,,,MTNL
,,,Mukesh Bansal
,,,Mukesh D. Ambani
,,,Mumbai Metro Rail Corporation
,,,Muthayya Vanitha
,,,Mylswamy Annadurai
,,,N Baijendra Kumar
,,,N. Chandrasekaran
,,,N. K. Medappa
,,,N. Sridhar
,,,N.R. Narayana Murthy
,,,N.Ram
,,,Nail Artistry
,,,Nail Artistry India
,,,Nail Spa by Gurpreet
,,,Nain Singh Rawat
,,,Namrata Soni
,,,Nand Lal Sharma
,,,Nandalal Bose
,,,Nandini Sundar
,,,Nanditha Krishna
,,,Nappa Dori
,,,Narayana Murthy
,,,Narendra K. Verma
,,,Narendra Kumar Gupta
,,,Narendra Modi
,,,Naresh Goyal
,,,Naresh Sohal
,,,Nargis Wadia
,,,Nari Hira
,,,Naseeruddin Shah
,,,National Council of Applied Economic Research
,,,National Institute of Diamond and Gems
,,,National Investigation Agency
,,,National Mineral Development Corporation
,,,Naushad
,,,Naveen Jindal
,,,Navin Agarwal
,,,Neelam Mansingh Chowdhry
,,,Neerja Bhanot
,,,Neeru Kumar
,,,Neetha Syam
,,,Netflix
,,,Nina Sabnani
,,,Niranjan Hiranandani
,,,Nirav Modi
,,,Nirmal Ghosh
,,,Nirmal Kumar Manna
,,,Nirmala Patwardhan
,,,Nirupama Rao
,,,Nishant Pitti
,,,Nishi Vasudeva
,,,Nitin Chandrakant Desai
,,,Nitin Nohria
,,,Nitin Tewari
,,,No specific famous personalities in this career
,,,Norman Borlaug
,,,Not a toolmaker but a significant figure in the Indian manufacturing sector.
,,,Not Available
,,,Not typically available due to the physical nature of the work.
,,,Noted for his work in both English and Kannada.
,,,Noted genealogist founder of the Jindel School of Hotel Management.
,,,Nucleya
,,,Ojas Rajani
,,,Oliver Schauf
,,,Om Prakash Singh
,,,On-the-job training typically provided with skill improvement over time.
,,,Opportunities available in textile factories workshops and garment manufacturers.
,,,P. C. Mahalanobis
,,,P. C. Ray
,,,P. Gopinath
,,,P. K. Mishra
,,,P. L. Gupta
,,,P. Maheshwari
,,,P. Sainath
,,,P. V. Ramaprasad Reddy
,,,P.B. Mangla
,,,P.C. Sorcar
,,,P.C. Sreeram
,,,P.R. Aqeel Ahmed
,,,P.R. Daroz
,,,P.R.S. Oberoi
,,,P.T. Usha
,,,P.V. Ramaprasad Reddy
,,,P.V. Sindhu
,,,Pablo Bartholomew
,,,Padma Bhushan Dr. M. B. Athreya
,,,Padma Shri Dhirendra Nath Das
,,,Padma Shri Gajam Anjaiah
,,,Padma Shri Ramananda Koiri
,,,Padmashri Dr. C. K. Prahlada
,,,Pallonji Mistry
,,,Pallonji Shapoorji Mistry
,,,Pandhari Juker
,,,Pandit Birju Maharaj
,,,Pandit Madan Mohan Malaviya
,,,Pandit Ravi Shankar
,,,Parag Agarwal
,,,Parag Desai
,,,Paramesh Krishnan Nair
,,,Parbati Barua
,,,Parliament of India
,,,Partha Dasgupta
,,,Pashupathy Gopalan
,,,Pat McGrath
,,,Patanjali Ayurved Limited
,,,Pawan Munjal
,,,PC Musthafa
,,,Pesi Shroff
,,,Peter Bil'ak
,,,Pierre Mirgalet
,,,Piyush Pandey
,,,Plant Manager
,,,Plumbing Contractor
,,,Plumbing Inspector
,,,Pooja Dhingra
,,,Prabhat Rahangdale
,,,Prabhat Ranjan Deo
,,,Prabhat Singh
,,,Prabhu Chawla
,,,Prabhu Deva
,,,Pradeep Kumar Sinha
,,,Pradeep Nair
,,,Pradeepa Kesari
,,,Prafull Vijayakar
,,,Prafulla Chandra Ray
,,,Pramod Agrawal
,,,Pramod K. Varma
,,,Pranav Mistry
,,,Prannoy Roy
,,,Prasanna
,,,Prashant Kishor
,,,Prashant Panjiar
,,,Prashant Sawant
,,,Prasoon Joshi
,,,Prasun Basu
,,,Prataap Snacks
,,,Pratap Bose
,,,Pratap C. Reddy
,,,Pratibha Gai
,,,Praveen Raj
,,,Praveer Sinha
,,,Pravesh Sahni
,,,Preetisheel Singh
,,,Prema Sagar
,,,Prerna Bindra
,,,Prime Minister's Office
,,,Pritam Chakraborty
,,,Prithvi Shergill
,,,Priya Adivarekar
,,,Priya Nair
,,,Priya Paul
,,,Priyanka Chopra
,,,Priyanka Chopra Jonas
,,,Production Manager
,,,Prof. Deepak Pental
,,,Prof. M. N. Venkatachaliah
,,,Prof. M.S. Swaminathan
,,,Prof. O. P. Iyengar
,,,Prof. Ravindra Kumar Sinha
,,,Prof. S. Sadagopan
,,,Prominent organic farmer and trainer
,,,Prosenjit Ganguly
,,,Pt. Hariprasad Chaurasia
,,,Pt. Ravi Shankar
,,,Pullela Gopichand
,,,PVR Cinemas
,,,Quality Assurance Engineer
,,,Quality Control Inspector
,,,Quality Control Manager
,,,Quality Manager
,,,R C Bhargava
,,,R C Sharma
,,,R S Sodhi
,,,R Sathianathan
,,,R. Balakrishnan
,,,R. Balki
,,,R. Elango
,,,R. H. Sawkar
,,,R. K. Jain
,,,R. L. Singh
,,,R. Ramachandran
,,,R. S. Sodhi
,,,R. S. Subramanian
,,,R.A. Agarwal
,,,R.A. Mashelkar
,,,R.K. Joshi
,,,R.K. Laxman
,,,R.K. Sharma
,,,R.N. Nayak
,,,R.S. Sodhi
,,,Radhakishan Damani
,,,Radhika Batra Shah
,,,Radhika Ghai Aggarwal
,,,Radia Perlman
,,,Raell Padamsee
,,,Raghav Bahl
,,,Raghavendra Madhav
,,,Raghavendra Rathore
,,,Raghu Rai
,,,Raghubir Singh
,,,Raghunandan Kamath
,,,Rahul Akerkar
,,,Rahul Bhatia
,,,Rahul Kumar
,,,Rahul Monga
,,,Rahul Singh
,,,Raj Chandra Bose
,,,Raj Chetty
,,,Raj Kapoor
,,,Raja Manickam
,,,Raja Ramanna
,,,Raja Ravi Varma
,,,Raja Sen
,,,Rajagopala Chidambaram
,,,Rajan Dutta
,,,Rajan Omprakash Malhotra
,,,Rajan R. Patnaik
,,,Rajan Sankaran
,,,Rajat Sharma
,,,Rajeev Madhavan
,,,Rajeev Masand
,,,Rajeev Samant
,,,Rajendra Jain
,,,Rajendra Kumar
,,,Rajendra Singh
,,,Rajendra Singh Shekhawat
,,,Rajesh Agarwal
,,,Rajesh Kakkar
,,,Rajesh Kumar Mangal
,,,Rajesh Kumar Srivastava
,,,Rajesh Kumar Srivastava  ONGC)
,,,Rajesh Magow
,,,Rajesh Mehta
,,,Rajesh Panwar
,,,Rajiv B. Gupta
,,,Rajiv Bajaj
,,,Rajiv Dixit
,,,Rajiv Gandhi
,,,Rajiv Gauba
,,,Rajiv Menon
,,,Rajiv Popley
,,,Rajiv Singh
,,,Rajiv Suri
,,,Rajji Rai
,,,Rajkamal Vempati
,,,Rajkumar Hirani
,,,Rajni Tewari
,,,Rajnikant Devidas Shroff
,,,Rajnish Kumar
,,,Rakesh Biyani
,,,Rakesh Maria
,,,Rakesh Sharma
,,,Rakesh Tewari
,,,Rakshit Jagdale
,,,Ram Bajaj
,,,Ram Charan
,,,Ram V. Sutar
,,,Ramakant Achrekar
,,,Ramakrishna Rao Emandi
,,,Raman Sukumar
,,,Ramanjaneyulu GV
,,,Rambo Circus
,,,Rambo Circus Artists
,,,Ramdas Padhye
,,,Ramesh Kejriwal
,,,Ramesh Sharma
,,,Ramesh Sunny Balwani
,,,Ramji Lal Kashyap
,,,Ramoji Rao
,,,Ramona Braganza
,,,Rana Dasgupta
,,,Rana Kapoor
,,,Ranjit Hoskote
,,,Ranveer Brar
,,,Raseel Gujral Ansal
,,,Rashid Byramji
,,,Ratan Lal
,,,Ratan Lal Basu
,,,Ratan Parimoo
,,,Ratan Thiyam
,,,Ratish Namboothiry
,,,Rattan Keswani
,,,Ravi Jaipuria
,,,Ravi K. Chandran
,,,Ravi Kant
,,,Ravi Khanna
,,,Ravi Pandit
,,,Ravi Shastri
,,,Ray Meeker
,,,Regional Manager
,,,Reliance Industries
,,,Reliance Industries Limited
,,,Reliance Jio
,,,Remo D'Souza
,,,Renganaath Ravee
,,,Renowned bamboo craftsman
,,,Renowned Carpenter and Winner of National Skills Competition
,,,Renowned Nursery Owner in Bihar
,,,Renowned wood carver from Kashmir
,,,Renowned wood carver from Odisha
,,,Reserve Bank of India
,,,Reshmi Dey
,,,Resul Pookutty
,,,Ritesh Agarwal
,,,Ritesh Pothan
,,,Ritu Beri
,,,Riyaaz Amlani
,,,Robert Bosch
,,,Rohini Salian
,,,Rohit Saran
,,,Romesh Wadhwani
,,,Ronnie Screwvala
,,,Rujuta Diwekar
,,,Rukmini Devi Arundale
,,,Ruma Devi
,,,Rupan Deol Bajaj
,,,Rupika Chawla
,,,Ruskin Bond
,,,S. Balaram
,,,S. Chandrasekhar
,,,S. G. Vasudev
,,,S. H. Raza
,,,S. K. Ablay
,,,S. N. Sharma
,,,S. Narsing Rao
,,,S. Paul
,,,S. R. Ranganathan
,,,S.H. Raza
,,,S.R. Ranganathan
,,,Sabbas Joseph
,,,Sabeena Karnik
,,,Sabeer Bhatia
,,,Sachin Bansal
,,,Sachin Jain
,,,Sachin Tendulkar
,,,Sadhguru Jaggi Vasudev
,,,Sagar Singh
,,,Sagarika Ghose
,,,Saint Gobain
,,,Saint-Gobain India Pvt Ltd
,,,Sajjan Jindal
,,,Salim Ali
,,,Salim Khan
,,,Sálim Moizuddin Abdul Ali
,,,Salim-Javed
,,,Sam Balsara
,,,Sameer Kulavoor
,,,Sameer Patange
,,,Samir Chanda
,,,Samir Mondal
,,,Samir Suhag
,,,Samprada Singh
,,,Samsung
,,,Sanat Shah
,,,Sandeep Bakhshi
,,,Sandeep Kataria
,,,Sandeep Mathrani
,,,Sandeep Sangaru
,,,Sandeep Singh
,,,Sanganeri printers of Rajasthan
,,,Sanjana Patel
,,,Sanjay Kumar
,,,Sanjay Kumar Moitra
,,,Sanjay Leela Bhansali
,,,Sanjay Patel
,,,Sanjay Sharma
,,,Sanjaya Rajaram
,,,Sanjeev Kapoor
,,,Sanjiv Obhrai
,,,Sanjiv Puri
,,,Sanjiv Singh
,,,Sankar Chatterjee
,,,Santosh Desai
,,,Santosh Padhi
,,,Santosh Sivan
,,,Santpal Sinchawla
,,,Sapna Bhavnani
,,,Sardar Gurucharan Singh
,,,Saregama
,,,Saroj Khan
,,,Sarthak Behuria
,,,Satish Dhawan
,,,Satish Gujral
,,,Satish Reddy
,,,Satpal Singh
,,,Satya Rajpurohit
,,,Satya Sinha
,,,Satyajit Chaurasia
,,,Satyajit Padhye
,,,Satyajit Ray
,,,Satyendra Nath Bose
,,,Savindra Singh
,,,Savio John Pereira
,,,Savitri Jindal
,,,Savji Dholakia
,,,Sekhar Basu
,,,Senior Auctioneer
,,,Senior Cutter
,,,Senior Dyeing and Bleaching Master
,,,Senior Embroiderer
,,,Senior Estimator
,,,Senior Extruding Machine Operator
,,,Senior Flesher Hand
,,,Senior Food Taster
,,,Senior Inspection Technician
,,,Senior Inspector
,,,Senior Leather Technologist
,,,Senior Machine Operator
,,,Senior Makeup Artist
,,,Senior Physician
,,,Senior Superintendent of Police
,,,Senior Tea Taster
,,,Sensory Analyst
,,,Sensory Evaluation Manager
,,,Sepoy Customs
,,,Shafiq Khan
,,,Shah Rukh Khan
,,,Shahnaz Husain
,,,Shailendra Singh
,,,Shajith Koyeri
,,,Shakti Malik
,,,Shakti Pumps India Limited
,,,Shalini Sharma
,,,Shanta Gokhale
,,,Shanta Rao
,,,Shantanu Narayen
,,,Shantha Sinha
,,,Shashi Shanker
,,,Shatbhi Basu
,,,Shekar Basu
,,,Shekhar Basu
,,,Shekhar Seshadri
,,,Shikha Pandey
,,,Shikha Sharma
,,,Shipping Corporation of India
,,,Shirish Patel
,,,Shishir Kumar Singh
,,,Shiv Khera
,,,Shiv Kumar Sharma
,,,Shivaram Hari Rajguru
,,,Shivshankar Menon
,,,Shobha Broota
,,,Shri Suneet Sharma
,,,Shri V.K. Yadav
,,,Shubhranshu Singh
,,,Shuji Nakamura
,,,Siemens
,,,Simar's Nail Bar
,,,Singareni Collieries Company Limited
,,,Sir Mokshagundam Visvesvaraya
,,,Sister Jesme
,,,Sivamani
,,,Smaaash Entertainment
,,,Some interaction with team members and supervisors.
,,,Somnath Hore
,,,Sonam Kapoor
,,,Sonia Gandhi
,,,Sony Music India
,,,Sooni Taraporevala
,,,Sovna Puri
,,,Specialist
,,,Squadron Leader Minty Agarwal
,,,Sreeleathers
,,,Sri Sri Ravi Shankar
,,,Srinivas Mohan
,,,Srinivasa Ramanujan
,,,Srinivasaraghavan Venkataraghavan
,,,Standard working hours with potential overtime during peak seasons.
,,,Store Manager
,,,Subhash Kumar
,,,Subhash Palekar
,,,Subhash Shinde
,,,Sub-Inspector
,,,Subir Raha
,,,Subodh Gupta
,,,Sucharita Tyagi
,,,Sudarshan Sahoo
,,,Sudarshan Shetty
,,,Sudesh Bhosale
,,,Sudhakar Marur
,,,Sudhakar Yadav
,,,Sudheendra Kulkarni
,,,Sudhir Sharma
,,,Sudhir Vasudeva
,,,Suez Water Technologies & Solutions
,,,Suketu Talekar
,,,Sula Vineyards
,,,Sumant Sinha
,,,Sunalini Menon
,,,Sundaram Ravi
,,,Sundarlal Bahuguna
,,,Sunderlal Bahuguna
,,,Sunil Bharti Mittal
,,,Sunil Bharti Mittal  -
,,,Sunil Duggal
,,,Sunil Mittal
,,,Sunita Kumar
,,,Sunita Williams
,,,Sunitha Krishnan
,,,Superhouse Group
,,,Superintendent Customs
,,,Superintendent of Police
,,,Supervisor
,,,Suraj Narredu
,,,Suresh Chaudhary
,,,Suresh Eriyat
,,,Suresh Kotak
,,,Suresh Kumar Puri
,,,Suresh Narayanan
,,,Suresh Natarajan
,,,Sushant Dash
,,,Sushil Kumar
,,,Sushma Swaraj
,,,Sushmita Sen
,,,Swami Agnivesh
,,,Swami Dayananda Saraswati
,,,Swami Vivekananda
,,,Swaminathan Aiyar
,,,Swati Popat Vats
,,,Syed Akbaruddin
,,,T. N. Seshan
,,,T. N. Sheshan
,,,T. P. Seetharam
,,,T. V. Mohandas Pai
,,,T. V. Somanathan
,,,T.N. Seshan
,,,T.S. Vijayan
,,,T.V. Sundaram Iyengar
,,,Tanishq
,,,Tannery Manager
,,,Tanya Rastogi
,,,Tarla Dalal
,,,Tarun Tahiliani
,,,Tata Chemicals
,,,Tata Group
,,,Tata International
,,,Tata International Ltd
,,,Tata Motors
,,,Tata Projects Limited
,,,Tata Steel
,,,Tata Steel Limited
,,,Tavleen Singh
,,,Tea Blender
,,,Tea Consultant
,,,Tea Estate Manager
,,,Tea Quality Manager
,,,Team Lead
,,,Tejinder Singh
,,,Terence Lewis
,,,The Great Bombay Circus
,,,The Hon'ble Mr. Justice Madan Bhimarao Lokur
,,,The Hon'ble Ms. Justice Gita Mittal
,,,The Shipping Corporation of India Ltd.
,,,The White Door
,,,There are no well-known personalities in India specific to this career.
,,,Thermax Limited
,,,Thimmakka
,,,Thota Vaikuntam
,,,Though not a toolmaker his contributions to the Indian manufacturing sector are noteworthy.
,,,Tim Dyson
,,,Tips Industries Limited
,,,Titan Company
,,,Trainee Embroiderer
,,,Tribhuvandas Patel
,,,T-Series
,,,Tulsi Tanti
,,,Tyeb Mehta
,,,Typically work in textile factories or workshops.
,,,Udupi Ramachandra Rao
,,,Ugesh Sarcar
,,,Ujjwal Nikam
,,,Upamanyu Bhattacharyya
,,,Upendra Baxi
,,,Urban Company
,,,Ustad Amjad Ali Khan
,,,Ustad Zakir Hussain
,,,Utpal Bora
,,,UTV Software Communications
,,,V. K. Saraswat
,,,V. K. Sibal
,,,V. Krishnamurthy
,,,V. R. Ferose
,,,VA Tech Wabag
,,,Vaibhav Kumaresh
,,,Vaidya Balendu Prakash
,,,Vallurupalli Nageswara Rao
,,,Valmik Thapar
,,,Vandana Luthra
,,,Vanity Projects
,,,Varun Berry
,,,Varun Inamdar
,,,Vasant Mehta
,,,Vasant Shinde
,,,Ved Marwah
,,,Vedanta Resources
,,,Veena Ashiya Chindlur
,,,Vella Cheese
,,,Veolia Water Technologies
,,,Verghese Kurien
,,,Viacom18
,,,Vicco Laboratories
,,,Vice Admiral Ajendra Bahadur Singh
,,,Vice Admiral G Ashok Kumar
,,,Vidhu Vinod Chopra
,,,Vidyut Jammwal
,,,Vihang Vahia
,,,Vijay Arora
,,,Vijay Govindarajan
,,,Vijay Kedia
,,,Vijay Kumar
,,,Vijay Mallya
,,,Vijay Sankeshwar
,,,Vijay Sethi
,,,Vijaypat Singhania
,,,Vikas Khanna
,,,Vikram Ambalal Sarabhai
,,,Vikram Bakshi
,,,Vikram Kirloskar
,,,Vikram Seth
,,,Vineet Jain
,,,Vineet Kacker
,,,Vinita Bali
,,,Vinod Kumar Gaur
,,,Vinod Kumar Yadav
,,,Vinod Rai
,,,Vinoo Mankad
,,,VIP
,,,Viraf Sarkari
,,,Vishal Sikka
,,,Vishal-Shekhar
,,,Vishweshwaraiah
,,,Visvesvaraya
,,,Viswanathan Anand
,,,Vodafone Idea
,,,Walter Isaacson
,,,Wasiq Khan
,,,Whirlpool
,,,Wildlife Institute of India
,,,William Dalrymple
,,,Wing Commander Abhinandan Varthaman
,,,Woodland
,,,Works Inspector
,,,Yangdup Lama
,,,Yash Chopra
,,,Yash Raj Films
,,,Yasmin Karachiwala
,,,Yogesh Chander Deveshwar
,,,Yusuf Khwaja Hamied
,,,Zakir Hussain
,,,Zeba Kohli
,,,Zee Music Company
,,,Zee5
,,,Zlata
,,,Zoological Survey of India
,,,Zoya Akhtar
,,,Zubin Mehta
