Career (Small List),Exact Matched Careers
Financial Analyst,Financial Analyst
Biomedical Engineer,Biomedical Engineer
Biomedical Engineer,Biomedical Engineer
Health Educator,Health Educator
Biomedical Engineer,Biomedical Engineer
Biomedical Engineer,Biomedical Engineer
Production Planner,Production Planner
Market Research Analyst,Market Research Analyst
Financial Analyst,Financial Analyst
Art Teacher,Art Teacher
Creative Writer,Creative Writer
Financial Analyst,Financial Analyst
Architect,Architect
